MultipleLines_No,MultipleLines_No_phone_service,MultipleLines_Yes,InternetService_DSL,InternetService_Fiber_optic,InternetService_No,OnlineSecurity_No,OnlineSecurity_No_internet_service,OnlineSecurity_Yes,OnlineBackup_No,OnlineBackup_No_internet_service,OnlineBackup_Yes,DeviceProtection_No,DeviceProtection_No_internet_service,DeviceProtection_Yes,TechSupport_No,TechSupport_No_internet_service,TechSupport_Yes,StreamingTV_No,StreamingTV_No_internet_service,StreamingTV_Yes,StreamingMovies_No,StreamingMovies_No_internet_service,StreamingMovies_Yes,Contract_Month_to_month,Contract_One_year,Contract_Two_year,PaperlessBilling_No,PaperlessBilling_Yes,PaymentMethod_Bank_transfer_(automatic),PaymentMethod_Credit_card_(automatic),PaymentMethod_Electronic_check,PaymentMethod_Mailed_check,gender,SeniorCitizen,Partner,Dependents,tenure,PhoneService,MonthlyCharges,TotalCharges
1,0,0,0,1,0,0,0,0,0,0,1,1,0,1,0,0,0,0,1,0,0,1,1,0,0,1,0,1,0,1,1,0,0,1,1,1,19,1,54.35,1201.88
0,1,1,1,1,0,0,1,0,1,0,0,0,0,0,0,0,1,1,0,1,0,1,0,1,0,1,1,1,0,0,1,1,1,0,1,0,44,1,50.48,2430.55
0,0,1,0,1,0,1,1,0,1,1,0,1,1,0,1,0,1,1,0,0,0,1,0,0,0,1,1,1,0,0,0,0,1,0,0,1,33,1,96.98,130.69
0,1,1,1,1,0,0,0,0,1,1,0,0,0,1,0,1,0,1,1,1,1,1,1,1,0,1,1,0,1,1,0,1,1,0,0,1,20,0,94.57,3091.99
1,0,0,0,0,0,0,0,0,1,0,1,1,1,0,1,0,0,0,1,1,1,0,0,1,0,1,1,1,0,0,1,1,0,0,1,0,12,1,82.44,4674.35
1,1,1,0,1,1,0,1,0,0,0,1,0,0,1,1,1,1,0,0,0,0,0,1,1,1,1,1,1,0,1,1,0,0,1,1,1,29,1,29.66,1529.61
1,0,1,0,0,0,1,1,1,0,1,1,1,0,1,1,1,1,1,1,0,0,0,1,0,0,1,0,0,0,1,0,1,1,0,0,0,64,0,35.26,716.73
1,1,1,1,1,1,0,0,0,0,1,0,0,1,1,0,0,1,1,1,1,1,1,1,1,1,0,1,1,0,0,0,1,1,0,1,1,18,0,32.28,2706.51
1,0,1,0,0,0,1,1,1,0,0,0,1,1,0,0,1,1,0,1,0,1,1,1,0,0,0,0,1,0,1,0,1,1,0,1,0,33,1,32.06,810.51
0,0,1,1,0,0,1,0,1,1,1,0,0,1,1,0,1,1,0,1,0,0,0,1,1,1,1,0,0,0,1,0,0,0,0,0,1,71,0,28.64,435.6
1,0,1,1,0,0,1,1,1,1,0,0,1,1,1,1,0,0,0,1,1,1,1,1,1,0,1,0,0,0,0,1,1,0,1,0,0,72,0,92.57,872.62
1,1,0,0,1,0,0,0,0,0,0,1,0,1,1,1,1,1,0,0,0,1,1,0,1,0,1,1,0,1,0,1,1,0,1,1,1,16,0,41.91,4821.43
0,0,1,1,0,0,0,1,0,1,1,0,0,0,0,1,0,1,1,1,1,0,1,0,1,1,0,1,1,0,1,0,0,0,0,0,1,43,0,39.58,79.38
0,0,0,0,0,0,0,0,1,1,1,0,1,1,0,0,1,0,0,1,0,1,1,0,0,0,0,1,1,1,0,1,0,0,1,1,0,72,0,40.87,1318.4
0,1,1,0,1,0,0,0,1,0,1,0,1,0,0,1,0,0,1,1,0,0,1,1,0,0,0,1,1,0,1,0,1,1,1,0,1,29,0,36.57,2013.11
0,1,1,1,0,1,0,1,0,0,1,0,1,1,0,0,0,0,0,0,0,0,1,0,0,1,0,1,1,0,1,0,1,1,1,0,0,42,0,37.9,4365.39
1,1,0,0,0,0,1,0,1,1,0,1,1,0,1,0,0,1,0,1,0,0,0,0,1,1,1,0,0,0,1,1,0,0,0,1,0,59,1,97.43,861.56
0,0,1,0,1,0,0,0,1,1,1,0,0,0,1,1,0,0,1,1,1,1,0,1,0,0,0,1,1,0,1,0,1,0,0,1,1,60,1,95.57,1826.1
0,1,1,1,1,0,0,0,0,0,1,1,0,1,1,1,0,1,1,0,0,0,1,1,0,1,0,0,1,1,0,0,0,1,0,0,1,51,0,85.95,2944.68
1,0,0,0,0,0,1,1,0,1,1,0,0,1,0,0,1,0,0,0,1,0,0,1,0,1,1,1,1,0,1,0,0,1,0,0,0,14,0,89.28,2897.83
0,1,1,1,1,1,0,1,1,1,1,1,0,1,1,0,0,1,1,1,1,0,1,0,1,0,0,0,0,0,0,1,0,1,1,1,1,2,0,92.53,3600.62
1,1,1,0,0,1,0,1,1,0,1,0,0,1,0,0,1,1,0,0,1,1,0,0,0,1,0,1,0,1,0,1,0,1,1,1,1,15,0,43.66,4982.35
0,0,0,1,0,0,0,0,0,1,1,0,1,0,0,1,0,1,1,0,1,1,1,0,1,0,1,0,0,1,0,0,1,0,1,1,1,8,0,21.56,1917.42
1,0,0,0,0,0,0,0,0,1,0,1,0,0,1,1,0,1,0,0,0,1,1,0,1,0,0,1,0,0,0,0,0,1,0,0,1,41,1,97.34,2513.14
1,0,0,0,0,0,0,1,1,1,0,0,0,1,1,1,1,0,0,0,1,1,0,1,0,1,0,1,1,1,0,0,0,0,1,0,1,4,0,80.16,934.69
0,1,1,1,0,0,0,1,1,1,0,0,1,0,0,1,0,0,0,0,1,1,0,1,0,1,1,1,1,0,0,0,0,1,1,0,1,26,0,61.55,455.08
0,1,0,1,0,0,1,0,0,0,1,0,0,0,1,0,0,0,1,0,0,1,0,1,1,0,0,0,1,0,0,1,0,1,1,1,0,55,1,91.39,50.04
1,1,1,0,1,1,1,1,0,0,0,1,0,1,0,1,1,1,1,0,0,1,0,0,0,0,1,1,1,0,1,1,1,0,1,1,0,34,0,22.24,1632.07
1,0,1,1,0,0,0,0,1,1,0,1,0,0,1,1,0,0,1,1,1,1,0,0,1,0,0,1,1,0,0,0,0,0,1,1,1,62,1,109.14,3232.54
1,0,1,1,1,1,0,0,0,0,1,0,1,0,0,1,0,1,1,0,0,0,1,0,1,1,0,0,1,0,1,1,1,0,1,1,0,67,0,75.42,3093.55
0,1,1,1,0,1,0,0,1,1,0,1,0,0,0,1,0,1,1,1,1,1,0,1,1,1,1,0,0,0,0,1,0,1,1,0,0,8,1,30.62,1115.78
0,0,1,0,1,0,1,0,0,0,0,1,0,0,0,0,0,0,1,1,1,0,0,1,0,1,1,0,1,0,1,0,0,0,1,0,1,37,0,36.16,1476.87
1,1,0,1,0,0,0,1,1,1,1,0,1,0,1,1,1,1,1,0,1,1,0,1,0,0,1,1,1,1,0,0,0,1,0,1,1,5,1,69.79,3576.24
0,1,0,0,0,0,1,1,1,0,0,0,1,0,1,0,1,0,0,0,0,0,1,1,1,1,1,1,1,0,1,1,0,1,1,1,1,35,0,105.44,4551.73
1,1,0,0,1,1,0,1,1,0,1,0,1,1,0,1,0,1,0,1,0,1,0,1,0,0,0,1,1,0,0,1,1,0,1,1,1,44,0,62.74,1356.75
1,1,1,0,1,1,0,0,0,1,1,0,1,1,0,1,0,0,1,1,1,1,1,0,1,1,1,1,1,0,1,0,1,1,0,1,1,34,0,34.23,4966.96
0,0,1,1,0,0,1,0,0,0,1,1,0,1,1,1,1,1,0,0,1,1,0,1,0,0,0,0,0,0,0,1,1,0,1,0,1,3,1,67.96,4281.86
0,1,0,1,0,0,0,0,0,1,0,0,0,1,0,0,1,1,0,1,0,0,1,0,1,0,1,0,0,1,0,0,0,0,1,1,0,56,1,59.44,2576.07
1,0,1,0,0,0,0,0,1,0,1,1,1,0,0,0,1,1,0,1,1,0,1,0,0,0,1,0,0,0,0,0,1,0,0,1,1,20,0,87.96,1954.07
1,0,0,0,0,0,0,0,1,0,0,1,1,0,0,0,1,0,1,1,1,1,1,1,1,1,1,1,0,1,1,1,0,1,1,0,1,21,1,115.95,806.78
1,1,0,0,0,0,0,0,1,0,1,1,0,0,1,1,0,0,1,1,1,0,0,0,1,1,0,1,0,1,1,1,0,0,0,1,0,5,1,83.52,1320.29
0,0,0,0,0,0,0,0,1,1,1,0,1,0,0,0,0,0,1,0,1,0,0,1,1,0,0,1,1,0,0,1,1,0,1,1,0,66,1,53.61,2124.58
1,0,0,1,1,0,0,0,0,1,0,1,0,1,1,0,1,0,0,0,0,0,0,0,0,1,1,1,0,1,0,1,1,0,1,1,0,33,1,43.02,3507.9
0,1,0,1,0,1,1,0,1,1,0,1,0,0,0,1,1,1,0,0,1,0,1,0,0,0,0,0,1,1,1,1,0,1,1,0,0,28,0,60.43,1446.41
0,0,1,0,0,1,0,0,0,0,1,0,0,1,1,1,1,0,0,0,0,0,1,1,0,1,1,1,0,0,0,0,0,1,0,0,1,37,0,84.09,901.92
0,1,0,0,1,1,0,1,0,0,1,1,0,0,0,1,0,1,0,0,0,1,1,0,1,0,1,0,1,0,1,0,1,0,0,1,1,39,0,51.98,4180.46
0,0,0,0,1,1,0,1,0,1,0,1,0,0,0,1,1,0,1,1,0,1,0,1,0,0,0,1,0,0,0,1,1,0,1,0,1,5,1,43.93,562.83
1,1,0,1,1,1,0,1,0,1,0,0,1,0,1,0,1,1,1,1,1,1,1,1,1,0,1,1,0,0,1,1,0,1,0,1,1,58,0,59.58,4880.52
0,1,0,1,0,0,1,0,1,1,1,1,0,1,1,1,1,0,1,1,1,0,0,1,1,1,0,1,1,1,1,1,0,1,0,0,1,63,0,30.35,3373.07
0,1,1,1,1,1,0,1,0,1,1,1,0,0,0,1,1,0,0,1,0,1,0,1,0,0,1,0,1,1,1,0,0,0,0,0,0,32,1,39.7,1472.87
0,0,0,0,1,1,0,0,1,0,1,1,1,0,1,0,0,0,0,1,1,1,0,1,1,1,0,1,1,0,1,0,0,0,1,0,1,49,1,28.6,731.47
0,1,0,1,0,1,0,1,1,1,0,1,1,1,0,0,0,1,0,1,0,1,1,0,0,0,0,0,1,0,1,1,1,0,0,1,1,32,0,104.41,4477.83
0,1,0,1,1,0,1,0,0,0,0,0,1,0,1,0,0,0,0,0,1,0,0,0,1,0,1,0,0,1,1,1,0,0,1,1,0,46,0,33.33,2878.5
1,0,0,1,0,0,1,0,0,0,0,1,0,1,0,0,1,1,0,1,1,1,1,1,0,1,1,0,0,1,1,1,0,1,0,1,1,42,1,57.84,2716.56
1,1,1,0,1,0,1,0,1,1,1,1,0,0,1,1,0,0,0,0,0,1,0,1,1,0,1,0,0,1,1,0,0,1,1,0,0,20,1,112.49,3297.19
0,0,1,0,0,1,1,0,0,0,1,0,1,0,1,1,0,0,0,0,1,0,1,1,1,0,1,0,1,0,0,0,1,0,0,0,0,65,1,105.43,1493.9
1,0,1,0,1,0,0,1,0,1,0,1,0,1,0,0,1,0,0,1,0,0,0,1,1,1,0,1,0,1,0,0,1,1,1,0,0,38,1,75.81,546.45
1,0,0,1,1,1,1,1,0,1,1,0,1,1,0,0,0,1,0,0,0,0,0,0,1,0,0,1,0,0,0,0,0,0,1,0,0,10,0,70.19,3221.21
1,0,0,0,1,1,1,0,1,0,0,1,1,1,0,0,0,0,1,1,1,0,0,0,0,1,1,1,0,0,1,1,0,1,1,0,1,2,0,98.65,1454.55
1,0,1,1,0,0,1,1,1,1,1,0,1,1,0,0,1,0,0,0,0,0,0,0,1,0,0,1,1,1,1,1,0,1,0,1,1,67,0,97.95,3520.66
1,1,0,1,0,1,0,0,1,0,1,1,0,0,1,1,1,0,1,1,1,0,0,1,0,0,1,1,1,1,0,0,0,0,0,0,1,48,1,48.06,4346.44
1,1,1,0,1,1,0,1,1,1,0,0,1,1,0,1,0,0,0,1,1,0,0,0,1,1,1,1,1,1,1,0,0,1,0,0,1,20,0,23.48,1364.13
0,0,0,1,1,1,0,1,0,0,1,0,0,1,0,1,0,0,1,1,0,1,0,1,0,1,1,0,0,1,0,0,0,0,1,1,0,15,0,113.36,4411.36
0,1,0,1,0,1,1,1,0,0,0,1,1,0,1,1,0,1,1,1,1,1,1,1,1,1,0,0,0,1,1,0,1,1,1,1,0,41,0,102.33,3503.56
0,0,0,1,0,1,1,0,0,0,0,0,1,1,1,0,1,1,0,1,0,0,0,0,1,0,1,1,1,1,0,1,1,0,1,1,0,68,0,57.57,1310.14
0,0,1,0,1,1,1,0,0,1,1,0,1,1,0,1,0,0,1,1,0,1,1,1,1,0,1,1,1,0,1,0,1,0,0,1,0,30,0,68.71,1152.72
0,0,0,1,1,1,0,0,1,1,1,1,0,0,1,1,1,1,0,1,1,1,1,1,1,0,1,0,1,0,1,1,1,0,0,0,0,24,1,51.05,2151.74
0,1,0,1,1,1,1,0,1,0,0,0,0,0,1,0,0,0,1,1,0,0,1,1,1,0,0,1,0,0,0,1,0,1,1,0,1,15,1,84.94,2606.48
0,1,1,0,1,0,0,0,1,1,1,0,0,0,1,0,0,0,1,1,0,0,0,1,0,0,1,0,1,1,1,1,0,0,1,1,0,72,0,44.99,2795.47
1,0,1,1,1,0,0,1,0,0,1,0,1,1,1,1,1,1,1,0,0,0,0,0,1,0,0,0,1,1,0,0,0,1,1,0,1,18,0,82.53,3347.54
0,1,1,1,1,1,1,1,0,1,1,1,0,1,1,1,1,0,0,0,1,0,1,1,0,1,1,0,1,0,0,1,0,1,0,1,0,26,1,71.48,1076.9
0,1,0,1,0,1,1,1,0,0,1,0,0,1,1,1,1,0,1,1,0,0,0,1,0,1,1,1,1,1,1,1,1,0,0,0,0,4,1,33.23,3355.95
1,1,1,1,0,0,0,0,1,0,1,1,1,0,0,0,0,0,1,1,0,0,0,1,0,1,0,0,0,0,1,1,0,0,1,0,0,56,0,24.91,2413.85
1,1,1,0,1,0,1,1,1,1,1,1,1,1,1,0,0,0,0,0,1,1,0,0,0,0,0,1,1,0,1,1,0,1,0,1,1,27,1,28.37,2951.37
1,1,1,0,1,0,1,0,0,0,1,1,1,1,1,1,0,0,1,1,0,0,0,1,1,0,1,0,0,1,1,0,0,0,0,0,1,12,0,28.93,353.03
0,0,0,1,0,1,0,0,1,0,1,1,0,0,0,1,1,1,1,1,0,1,1,1,0,0,0,0,1,0,0,1,0,1,1,0,1,37,1,20.62,919.26
1,0,0,1,0,0,0,1,1,1,0,1,1,1,0,0,0,1,1,0,0,0,0,1,0,1,0,0,0,0,1,0,1,0,0,1,0,17,1,59.06,3457.78
0,0,1,1,1,0,1,0,0,0,1,0,0,1,0,1,0,0,1,1,0,1,0,0,1,1,1,0,0,0,1,0,0,1,0,0,1,47,1,20.96,4163.85
0,1,1,0,0,0,1,0,1,1,1,1,1,0,0,0,1,0,0,0,0,0,0,0,1,1,0,1,1,1,0,0,1,0,1,1,0,3,1,81.04,1699.68
0,0,1,1,0,0,0,0,0,1,1,0,0,0,0,0,0,1,0,1,0,0,1,1,0,0,0,0,1,1,0,1,1,0,0,0,0,34,0,101.65,2460.83
1,0,0,0,1,0,1,0,1,1,0,1,0,1,0,1,1,0,0,1,1,1,0,1,0,1,0,1,0,0,1,1,0,1,0,0,0,47,0,99.23,954.78
0,0,1,1,1,1,1,0,1,1,0,0,0,1,1,1,0,1,0,0,0,0,1,0,0,1,1,0,0,1,1,0,1,0,1,0,1,43,0,79.69,2665.68
1,0,0,1,0,0,1,1,1,1,1,0,0,1,0,0,0,0,0,0,0,1,1,0,1,0,0,0,0,1,1,0,0,0,1,0,1,67,0,101.35,3509.93
0,0,1,0,1,1,0,1,1,0,0,0,0,0,0,0,0,1,0,0,1,1,1,1,1,0,0,0,0,0,1,1,1,1,1,0,1,36,0,31.02,1359.41
0,1,1,1,1,1,0,1,1,1,1,1,0,0,1,0,0,0,0,1,1,1,0,0,1,0,1,1,1,0,1,0,1,0,1,1,0,16,0,28.76,2475.45
1,0,1,1,1,1,0,1,1,0,1,1,1,1,1,0,1,0,0,1,1,1,0,1,1,1,0,0,1,0,0,0,1,0,0,1,0,12,0,43.64,4711.83
0,1,0,1,1,1,0,0,0,0,1,0,0,0,0,1,0,1,0,1,1,1,1,1,0,1,1,1,0,0,0,0,0,1,1,0,0,21,0,116.53,52.43
0,1,1,1,1,0,1,1,1,0,1,0,0,1,1,1,0,1,1,0,1,0,0,0,1,1,1,0,1,1,0,1,0,0,1,1,1,62,1,96.29,3792.57
0,1,0,1,1,0,1,0,1,0,1,1,0,1,0,0,1,1,1,1,1,1,0,1,0,0,1,0,1,1,1,1,1,0,0,1,0,56,1,86.5,1256.38
1,1,1,1,0,1,1,1,1,0,0,1,1,0,0,0,0,0,1,1,0,0,1,1,1,1,0,1,1,1,0,1,0,0,1,1,1,1,1,109.72,4263.6
1,0,0,0,1,0,1,1,0,1,0,1,1,1,1,1,0,1,0,1,1,1,1,0,0,1,1,1,1,1,0,0,1,0,1,0,1,66,1,20.17,1676.79
1,1,1,0,0,0,0,1,1,0,1,0,0,0,0,1,1,0,0,1,0,1,1,1,1,1,1,1,0,0,0,1,1,1,0,0,0,48,1,46.34,4172.85
0,0,0,0,0,1,1,1,0,1,0,0,1,1,0,0,1,0,0,1,1,1,0,0,0,0,0,0,1,0,0,0,0,0,0,0,1,52,0,55.81,1826.37
0,1,0,0,0,0,1,0,0,0,1,1,1,1,0,0,0,1,1,1,0,1,0,0,0,0,0,1,1,1,1,1,0,1,1,0,0,61,0,95.92,3206.44
0,1,1,1,1,1,1,0,1,0,0,0,1,0,1,1,0,1,0,0,1,0,1,1,0,1,0,1,1,1,0,1,0,0,1,1,1,70,0,47.95,1620.53
0,0,1,1,1,0,0,0,1,0,1,0,0,1,1,0,1,0,1,0,0,0,1,0,0,0,1,1,0,0,0,0,1,1,0,0,0,9,0,114.3,3781.33
0,1,0,1,0,0,1,0,0,1,1,1,0,0,1,1,1,1,0,0,1,0,1,1,0,1,0,1,0,1,1,0,1,0,0,1,1,58,0,109.99,2871.17
1,1,0,1,0,1,0,1,0,1,1,0,1,0,0,0,1,0,0,1,1,1,1,0,1,1,1,0,0,0,1,1,0,0,1,0,0,13,0,28.97,3889.98
1,1,1,0,0,0,0,1,0,0,0,0,0,1,1,1,1,1,1,0,0,1,1,1,0,1,1,1,1,1,1,1,0,1,1,0,1,7,0,51.85,4085.48
1,1,1,1,0,0,0,1,0,1,0,1,0,0,0,1,1,0,1,0,1,1,1,0,0,1,0,0,0,1,1,0,0,1,1,0,1,37,0,101.14,3462.8
0,0,0,1,0,1,0,0,1,0,0,0,1,0,0,1,1,0,1,0,0,1,0,0,0,0,0,1,0,0,1,1,0,0,0,1,0,50,0,59.44,512.89
0,0,1,0,1,1,1,1,1,1,1,0,0,1,1,0,1,1,0,0,0,1,0,0,1,1,0,1,1,0,0,1,1,0,0,1,1,39,1,58.79,1058.86
0,0,1,1,0,0,0,0,1,1,1,1,1,1,1,1,1,1,0,0,0,0,0,0,1,1,1,0,1,0,0,1,0,1,0,0,0,13,1,91.87,4682.42
0,0,1,0,0,0,1,1,0,1,1,0,1,0,0,1,1,1,1,1,0,1,1,0,1,1,0,1,0,1,1,0,0,0,0,1,0,37,1,64.32,1162.75
1,0,0,1,1,1,1,0,0,1,0,1,1,0,0,0,0,0,0,0,0,0,1,0,0,0,1,1,1,0,1,0,1,1,0,0,0,43,1,26.3,2418.34
0,0,0,1,1,1,1,1,0,0,1,0,1,1,1,0,1,1,1,1,1,0,0,1,1,0,1,1,1,0,0,1,0,0,1,1,1,1,1,37.39,4283.13
0,0,0,1,1,1,1,0,0,1,1,1,1,1,1,1,0,0,1,0,0,1,1,1,1,0,1,0,1,1,0,0,0,0,0,1,1,20,1,35.11,1250.69
0,0,0,1,1,1,1,0,0,0,1,1,1,1,0,1,1,1,1,1,1,0,1,1,1,0,0,0,0,1,1,0,1,0,1,0,1,5,0,37.34,3554.24
0,1,0,1,1,0,1,0,1,1,1,1,1,1,0,0,1,0,1,1,1,1,0,0,1,0,1,0,1,1,1,0,0,1,1,1,0,51,1,80.8,2413.64
0,0,0,1,0,0,1,0,0,1,1,0,0,1,1,0,0,1,0,0,0,0,1,1,0,1,0,0,1,1,0,0,0,1,1,1,0,31,1,109.43,2298.26
1,1,0,1,1,0,1,1,1,1,0,0,0,0,0,1,0,0,1,0,0,1,1,1,0,1,1,0,1,1,1,1,1,0,1,1,1,40,0,111.58,1891.75
0,0,1,0,0,1,1,0,1,0,0,0,0,0,1,0,0,1,1,1,1,0,1,0,1,0,1,1,0,0,0,1,1,1,0,1,1,34,0,97.54,370.21
0,1,0,0,1,0,1,1,0,0,0,0,0,0,1,0,1,0,1,1,0,1,0,0,1,1,1,1,0,0,1,1,0,0,0,1,0,50,0,31.99,483.29
0,0,1,0,0,0,0,0,1,0,0,0,0,0,0,0,0,0,1,1,0,1,1,0,1,0,1,1,1,0,0,1,1,0,0,1,0,71,1,94.86,1621.42
1,1,1,0,1,1,1,0,1,0,1,1,1,0,0,0,1,0,0,0,0,1,1,0,0,1,0,0,1,1,0,0,1,1,1,0,1,34,0,22.98,3052.48
1,1,1,1,1,0,1,1,0,0,1,1,1,1,1,1,1,1,0,1,0,0,1,0,0,1,1,1,1,1,0,0,1,0,0,1,1,60,0,40.4,1464.55
1,1,0,1,0,0,0,1,0,0,0,0,1,1,1,0,0,1,0,0,1,1,0,1,0,1,0,1,1,1,1,0,1,1,1,0,1,63,1,47.08,887.74
1,1,1,0,0,1,1,0,0,0,1,0,1,0,0,1,0,0,0,0,1,0,0,1,1,0,1,1,1,1,0,1,1,1,1,0,0,26,0,62.69,4659.21
0,1,0,0,1,0,1,0,0,1,0,0,0,1,0,1,0,1,1,1,0,0,0,1,0,1,1,0,0,1,0,0,1,0,1,0,1,51,1,77.65,2036.03
1,0,0,1,0,0,1,1,0,0,0,0,1,0,1,1,1,1,0,0,0,0,1,0,0,0,0,1,1,1,1,1,1,0,0,1,0,33,0,31.91,2945.68
0,0,0,0,0,0,0,0,0,0,0,0,0,1,0,0,1,1,1,0,0,1,0,0,0,0,1,0,0,1,1,0,0,0,1,0,1,23,1,89.66,36.92
1,0,0,1,0,1,0,1,1,1,1,1,1,0,0,1,1,0,1,0,0,1,0,1,1,1,0,0,1,1,1,1,0,1,0,0,0,13,0,25.53,3750.02
1,1,1,0,0,1,0,0,1,1,1,0,0,0,0,0,1,1,0,0,1,1,1,0,0,1,0,1,1,0,1,0,1,1,0,0,0,39,1,20.63,3314.17
0,0,1,0,1,0,1,0,0,0,1,1,0,0,1,0,0,0,0,1,1,1,0,0,0,0,0,0,0,0,1,1,0,1,1,1,0,71,1,27.12,1793.26
1,1,0,0,1,0,0,1,0,0,1,0,0,1,1,1,1,0,0,1,1,0,0,0,0,0,0,0,0,1,0,1,0,0,1,1,1,52,0,98.22,1799.25
0,0,0,0,1,0,1,1,1,0,0,1,0,1,1,1,0,1,0,0,1,1,1,1,1,0,0,1,1,0,1,0,1,1,0,1,1,57,0,63.4,3698.61
0,0,1,0,1,1,0,1,0,1,0,1,0,0,1,0,0,0,0,0,0,0,0,0,0,1,1,0,1,1,0,1,0,1,0,0,1,4,1,94.41,2099.01
1,0,1,0,1,1,0,0,1,1,0,1,1,1,0,0,0,1,1,1,1,1,0,0,1,0,0,1,1,1,0,1,1,1,0,1,0,59,1,31.31,3234.0
1,1,1,0,1,0,1,0,1,0,0,1,1,0,0,1,0,1,0,1,0,1,1,0,1,1,1,1,0,1,1,1,1,1,1,1,0,38,0,39.73,2276.39
1,1,0,0,1,1,1,1,1,0,0,1,0,0,0,1,0,0,0,1,1,0,0,0,0,0,1,1,1,1,1,0,0,1,1,1,1,15,1,113.45,2655.11
0,0,0,0,0,1,1,1,0,0,1,0,1,1,0,1,0,0,1,1,0,1,1,0,0,1,0,1,0,0,0,1,1,1,0,0,1,17,0,115.96,2239.95
0,0,1,0,0,1,1,0,0,0,1,1,0,1,1,0,1,0,0,1,0,1,0,0,0,1,1,0,1,0,1,1,1,1,1,0,0,68,1,117.74,4994.6
1,1,0,1,0,1,1,1,0,1,1,1,0,0,0,0,1,0,1,0,1,0,1,1,1,0,1,0,1,1,1,0,1,1,0,1,1,29,1,52.25,594.99
1,0,0,0,1,1,1,1,1,0,1,0,0,0,1,1,1,1,0,0,0,0,1,1,0,1,0,1,1,0,0,0,0,0,1,1,0,16,0,77.44,3811.59
0,0,1,0,1,0,0,0,1,0,1,1,1,1,0,1,1,0,0,0,1,0,0,0,0,0,0,1,1,0,1,1,0,1,1,0,1,8,0,23.63,2072.52
0,0,1,0,1,0,1,1,1,0,1,0,1,1,0,0,1,1,0,1,0,0,1,1,1,0,1,0,0,1,0,1,0,1,0,1,1,16,0,98.2,2223.24
1,1,1,1,0,0,1,1,1,1,0,1,0,0,1,1,0,1,0,1,0,0,1,0,1,1,0,0,1,1,0,0,1,1,1,1,0,24,0,89.31,1266.08
1,1,1,1,1,0,1,0,1,1,1,1,1,1,1,1,0,1,0,1,0,0,0,1,1,0,1,1,0,0,1,0,0,1,1,1,1,7,0,38.41,239.29
0,1,0,1,0,1,1,1,1,1,0,1,0,1,0,0,1,1,1,0,1,0,0,1,0,0,1,1,1,1,1,0,0,1,1,1,1,16,0,25.98,248.71
0,1,0,1,0,0,1,1,0,0,1,0,1,1,0,1,1,1,1,0,0,1,0,0,1,0,0,1,0,1,1,1,1,0,0,0,1,6,1,71.51,4868.62
1,1,0,0,1,1,0,0,0,0,1,0,0,1,0,0,0,1,0,0,1,0,1,1,0,1,1,1,1,1,0,1,1,1,0,1,1,30,0,96.77,1391.39
0,1,0,0,1,0,1,0,1,1,1,0,0,0,1,0,1,1,1,1,1,0,1,0,1,0,0,0,0,0,1,0,0,1,0,1,1,27,1,73.95,3407.16
0,1,0,1,1,1,0,1,1,0,1,1,0,0,1,1,0,1,0,1,0,1,1,1,0,0,0,1,0,0,0,0,0,1,0,1,0,61,1,77.83,4280.41
0,1,0,0,0,0,1,1,0,0,0,0,0,0,1,0,1,0,0,0,0,1,1,1,0,0,1,1,1,1,0,0,0,1,0,0,1,53,0,51.85,850.15
1,0,0,1,1,1,1,0,0,0,1,0,0,0,0,0,1,0,0,1,0,1,1,0,0,1,0,1,1,0,1,1,1,1,1,1,0,65,0,38.1,4411.1
1,0,1,0,0,0,1,0,0,0,0,1,1,0,0,0,0,1,1,0,0,0,0,1,1,1,0,1,1,1,1,1,1,1,1,0,0,20,1,20.92,1539.6
0,0,1,1,1,1,0,1,1,1,1,0,0,0,1,1,0,1,1,0,1,1,1,0,0,0,1,0,0,1,1,1,1,0,1,0,1,65,0,93.89,1670.09
1,0,0,1,1,0,0,0,0,1,0,0,0,0,1,1,1,0,1,1,0,0,0,0,1,0,1,0,0,1,1,1,1,0,1,1,1,56,0,66.8,4354.45
1,0,1,0,1,0,1,0,0,1,0,0,0,1,1,0,0,1,1,1,0,1,1,1,0,0,0,0,0,0,0,0,0,0,0,0,0,23,1,72.37,933.73
1,1,0,1,0,0,0,0,0,0,1,0,0,0,1,0,1,1,0,0,0,0,1,0,0,0,0,1,0,1,0,0,0,1,0,0,0,46,0,60.52,2165.62
1,1,1,0,1,0,1,0,0,1,0,0,1,1,1,0,1,1,0,1,1,0,1,1,1,1,0,1,0,1,1,0,1,0,1,1,1,45,1,105.22,3525.88
0,0,0,0,1,0,0,0,1,0,0,1,1,0,1,1,0,1,1,1,0,0,0,0,1,1,1,1,1,1,0,1,0,1,0,0,0,50,0,22.6,2316.72
0,0,1,1,0,0,0,1,1,1,0,1,1,1,0,0,0,1,0,0,1,0,0,1,0,1,0,0,1,0,1,0,0,0,1,1,1,49,1,48.63,1734.42
1,0,1,1,1,0,0,1,1,0,0,1,1,0,1,1,0,1,1,1,1,0,0,0,1,1,0,0,0,1,0,0,0,1,1,0,0,50,0,40.93,1905.89
1,0,1,0,0,0,1,0,1,0,1,0,1,0,0,0,0,1,0,0,1,1,0,0,1,0,0,1,1,0,0,0,0,0,1,0,0,59,0,107.73,322.53
1,1,1,1,0,1,1,1,0,0,0,0,1,0,1,1,0,0,1,1,1,0,0,1,1,1,1,1,1,1,1,0,0,1,0,1,1,13,1,28.91,3880.48
1,1,0,0,1,1,0,1,0,1,1,1,1,1,1,1,1,0,1,0,0,0,0,1,0,1,0,0,1,1,0,1,1,0,1,0,0,66,0,62.31,1787.55
1,1,1,0,1,1,0,1,0,1,0,0,0,0,1,1,0,0,0,1,1,0,0,1,1,1,0,1,1,1,0,0,0,1,1,0,0,50,0,60.27,3241.18
0,1,0,0,0,0,0,1,0,1,0,1,0,1,1,0,0,1,1,0,1,1,0,1,0,0,0,0,0,1,1,1,1,0,1,1,0,66,0,66.42,924.35
0,0,1,0,1,0,1,1,0,0,1,0,1,1,1,1,1,1,0,1,0,0,1,0,0,1,1,1,0,0,1,0,0,0,0,1,0,69,1,40.13,1994.76
0,1,1,1,1,1,0,0,1,0,1,0,1,1,1,0,0,1,1,0,0,1,0,1,0,0,0,1,0,0,0,0,1,1,1,0,1,63,0,88.35,1970.28
1,0,1,0,0,1,0,1,1,0,1,1,1,1,1,1,1,0,0,1,1,0,0,0,1,1,0,0,1,0,0,0,1,1,0,0,1,45,1,56.0,3683.83
1,0,1,1,1,1,0,1,1,0,0,1,0,0,0,0,0,0,1,1,0,0,0,1,1,0,1,1,0,0,0,0,0,1,1,0,0,48,0,28.43,1881.39
1,1,1,1,0,1,1,0,0,0,1,0,1,0,0,1,1,1,1,0,0,1,1,0,1,1,1,0,1,0,1,0,1,1,1,1,0,9,0,58.28,126.99
1,0,0,0,1,0,0,0,1,1,1,0,0,1,0,1,0,1,0,1,1,0,0,0,1,0,1,1,1,0,1,0,1,1,1,1,0,56,1,38.16,2629.36
0,1,1,1,1,0,0,0,0,0,1,1,0,0,1,1,1,0,0,1,1,1,1,1,1,0,1,1,1,0,0,0,0,0,0,0,0,29,0,107.1,139.49
1,0,1,0,0,1,1,1,0,1,1,1,0,1,0,1,0,0,0,0,0,1,1,1,0,1,0,0,1,1,1,1,1,0,1,1,0,33,1,46.33,3684.68
0,0,1,1,1,0,0,1,1,1,0,0,0,0,1,1,1,1,0,1,0,0,0,1,1,0,0,0,0,1,1,1,0,1,0,1,1,9,1,29.64,289.46
1,0,0,1,1,0,0,0,1,0,0,1,1,0,0,0,0,1,1,1,1,0,0,0,0,1,1,1,1,1,0,1,0,1,0,0,1,11,1,76.72,2070.47
0,0,1,0,0,1,1,0,0,0,1,1,0,0,0,1,1,1,0,0,1,0,1,0,0,1,0,1,0,1,1,0,0,1,1,1,1,42,0,76.78,2838.37
0,0,1,1,0,0,1,0,1,0,1,1,0,0,1,1,0,1,0,0,0,0,1,1,1,1,1,1,1,0,1,1,0,1,0,0,1,28,1,65.94,4291.54
0,0,0,1,1,0,1,1,0,1,0,0,0,1,1,0,1,0,0,1,1,0,0,0,1,1,0,1,1,1,1,0,0,1,0,1,0,36,1,25.27,1268.9
1,0,1,1,0,0,0,1,0,1,1,1,1,0,0,0,1,1,0,0,1,0,0,0,0,0,0,0,0,0,0,1,0,1,1,0,1,46,0,104.22,4746.86
0,0,1,0,0,0,1,0,0,0,1,0,1,1,0,1,0,1,1,0,1,0,0,1,0,1,0,0,0,1,1,0,1,1,0,1,0,50,0,41.74,2380.72
0,1,1,0,1,0,0,0,1,0,1,1,0,0,1,1,1,1,1,1,1,0,1,1,0,0,0,1,1,1,0,0,0,1,0,0,1,24,0,61.88,2425.53
1,0,0,1,0,0,0,0,1,1,1,0,0,1,0,1,0,1,0,1,1,0,1,1,1,1,0,1,1,0,1,1,0,1,1,0,1,39,0,117.06,4034.65
0,1,1,0,0,1,1,0,0,0,0,0,0,1,0,1,1,0,1,0,1,1,0,0,0,0,1,0,0,1,0,0,1,1,1,0,1,39,0,111.94,1924.66
0,0,1,1,1,0,0,0,0,0,1,1,1,1,1,1,0,1,1,1,0,0,0,0,0,1,1,1,0,1,0,0,1,0,0,0,1,28,0,94.15,4025.21
0,0,0,1,1,0,1,0,1,1,0,1,0,1,0,0,1,1,1,0,1,1,0,0,1,1,1,1,1,0,0,0,1,0,0,1,1,26,1,30.97,3976.77
0,0,1,1,0,0,1,1,1,0,0,1,0,0,1,1,0,0,1,0,1,0,1,1,0,1,0,0,0,0,0,1,0,0,0,0,1,43,0,55.64,2537.25
0,1,1,1,0,0,1,0,1,1,1,0,1,0,0,0,1,0,0,1,1,1,0,0,0,0,1,1,1,0,1,1,0,0,1,0,0,35,0,28.28,1460.16
1,0,1,1,1,1,0,1,1,0,0,0,0,0,0,1,0,1,0,0,0,0,0,0,0,0,0,0,0,1,1,1,1,0,0,1,1,28,0,32.06,315.62
1,1,1,1,1,0,1,0,1,1,0,1,1,0,1,1,1,0,1,1,0,1,0,1,1,0,1,0,1,1,0,1,0,1,1,1,1,66,1,49.21,378.19
0,1,1,0,0,1,1,1,0,0,1,1,1,0,0,0,1,0,1,0,1,0,0,1,0,1,0,1,1,0,1,0,1,1,1,1,1,56,1,38.05,4936.99
0,0,0,0,0,1,1,0,1,0,1,0,1,0,1,1,1,0,1,1,0,0,0,0,1,1,0,1,0,0,1,0,1,1,1,0,0,31,0,114.83,4231.93
0,0,1,1,1,0,1,0,1,1,0,0,1,1,1,1,1,0,0,0,0,0,1,1,0,0,1,0,1,1,0,1,1,0,1,1,0,4,1,58.39,3854.55
0,1,1,1,0,0,1,0,0,0,1,1,0,1,1,1,1,1,1,0,1,0,0,1,1,0,0,0,0,1,0,0,0,1,0,0,0,29,1,103.21,2465.21
0,0,0,1,0,0,1,1,0,1,1,0,1,0,1,1,1,1,0,0,0,0,1,0,0,0,0,1,0,0,1,0,0,0,0,0,1,21,1,70.9,1627.62
1,1,1,0,1,1,1,1,1,0,1,1,0,0,1,1,0,0,0,0,1,0,1,0,0,0,1,0,1,0,1,1,1,1,1,1,1,59,0,58.07,1454.47
0,1,1,0,1,0,1,1,0,0,1,0,0,1,1,1,0,1,0,0,1,1,0,0,0,0,0,1,1,1,0,1,0,1,0,0,1,4,1,101.33,3172.5
0,1,0,1,0,0,1,0,0,1,0,1,0,1,1,1,1,1,1,0,0,0,0,1,0,1,0,0,0,1,0,0,1,1,0,1,0,19,0,30.52,3548.94
1,1,1,1,0,1,1,0,0,0,0,0,1,1,1,1,0,0,0,0,0,0,0,1,0,1,0,1,0,0,1,0,0,0,1,1,0,62,0,86.7,126.9
1,0,0,1,1,0,1,0,1,0,1,0,1,0,1,0,1,0,1,1,1,1,1,1,1,0,0,1,0,0,0,0,1,1,0,0,0,38,0,60.04,1667.93
0,1,0,1,0,1,1,0,0,1,1,0,0,0,0,0,0,1,1,0,0,0,0,1,0,1,0,1,1,1,1,0,1,0,0,0,1,6,0,38.68,2550.06
0,0,1,1,0,0,1,0,0,1,1,1,0,1,1,0,0,0,1,1,0,1,0,1,1,0,0,0,1,1,0,1,1,0,0,1,0,42,1,75.12,4724.57
1,0,1,1,0,1,1,0,1,1,0,1,1,0,0,1,0,1,0,1,1,1,0,1,1,1,1,0,1,0,0,0,1,0,0,0,1,58,1,55.36,2323.7
0,0,0,0,0,1,0,1,1,0,1,0,0,0,0,0,0,0,1,0,1,0,0,0,0,0,0,1,1,0,1,1,0,0,1,1,1,34,0,75.73,2304.23
0,0,0,0,0,0,0,0,0,1,1,1,1,0,0,0,0,1,0,0,0,1,0,1,0,1,1,1,0,1,1,1,1,0,0,1,0,42,1,28.53,2493.18
0,0,0,0,0,1,0,1,1,0,1,1,1,1,1,0,0,0,0,1,0,1,1,1,1,0,1,0,1,1,1,1,1,1,1,0,0,64,1,118.48,1816.23
1,0,1,1,0,0,1,1,0,0,0,0,1,0,1,1,1,0,0,1,1,0,1,0,1,1,1,0,0,0,1,0,1,1,0,1,0,61,1,30.71,2621.43
